{"cameraMode":{"drawMode":0,"name":"Shaded","section":"Shading Mode"},"sceneLighting":true,"audioPlay":false,"sceneViewState":{"m_AlwaysRefresh":false,"showFog":true,"showSkybox":true,"showFlares":true,"showImageEffects":true,"showParticleSystems":true,"showVisualEffectGraphs":true,"m_FxEnabled":true},"in2DMode":false,"pivot":{"x":1.9512157440185547,"y":0.47623729705810549,"z":-2.2083301544189455},"rotation":{"x":-0.08344120532274246,"y":0.909618079662323,"z":-0.22289741039276124,"w":-0.34051376581192019},"size":9.12024974822998,"orthographic":false}