{"cameraMode":{"drawMode":0,"name":"Shaded","section":"Shading Mode"},"sceneLighting":true,"audioPlay":false,"sceneViewState":{"m_AlwaysRefresh":true,"showFog":false,"showSkybox":true,"showFlares":true,"showImageEffects":true,"showParticleSystems":true,"showVisualEffectGraphs":true,"m_FxEnabled":true},"in2DMode":false,"pivot":{"x":54.5655403137207,"y":16.918128967285158,"z":-231.05096435546876},"rotation":{"x":0.002305105561390519,"y":-0.9965441823005676,"z":-0.029595574364066125,"w":-0.0775962546467781},"size":114.85952758789063,"orthographic":false}