{"cameraMode":{"drawMode":0,"name":"Shaded","section":"Shading Mode"},"sceneLighting":true,"audioPlay":false,"sceneViewState":{"m_AlwaysRefresh":false,"showFog":true,"showSkybox":true,"showFlares":true,"showImageEffects":true,"showParticleSystems":true,"showVisualEffectGraphs":true,"m_FxEnabled":true},"in2DMode":false,"pivot":{"x":-3.149446964263916,"y":2.579728364944458,"z":-2.956536293029785},"rotation":{"x":0.12445712089538574,"y":-0.02264394797384739,"z":0.002823330694809556,"w":0.9919930696487427},"size":2.5802080631256105,"orthographic":false}